Time (EDT),Latitude,Longitude,Course,kts,mph,feet,Rate,Reporting Facility,
Fri 03:45:03 AM,19.4437,-99.0619, 59°,166,191,"7,525",Level, FlightAware ADS-B (NLU / MMSM),
Fri 03:45:19 AM,19.4496,-99.051, 61°,172,198,"8,100","2,391 ", FlightAware ADS-B (MEX / MMMX),
Fri 03:45:35 AM,19.4564,-99.0384, 60°,178,205,"8,800","1,676 ", FlightAware ADS-B (MEX / MMMX),
Fri 03:45:53 AM,19.4642,-99.0245, 60°,202,232,"9,050",794 , FlightAware ADS-B (MEX / MMMX),
Fri 03:46:09 AM,19.4717,-99.0111, 60°,224,258,"9,250","1,015 ", FlightAware ADS-B (MEX / MMMX),
Fri 03:46:27 AM,19.4825,-98.9919, 59°,247,284,"9,625","1,191 ", FlightAware ADS-B (KAXH),
Fri 03:46:43 AM,19.4926,-98.9743, 59°,269,310,"9,925","1,141 ", FlightAware ADS-B (NLU / MMSM),
Fri 03:47:13 AM,19.513,-98.9381, 60°,305,351,"10,500","1,667 ", FlightAware ADS-B (NLU / MMSM),
Fri 03:47:37 AM,19.5308,-98.9066, 57°,314,361,"11,425","2,582 ", FlightAware ADS-B (NLU / MMSM),
Fri 03:48:14 AM,19.5665,-98.8641, 47°,313,360,"13,125","2,759 ", FlightAware ADS-B (MEX / MMMX),
Fri 03:48:33 AM,19.5884,-98.8456, 25°,309,356,"14,000","2,443 ", FlightAware ADS-B (NLU / MMSM),
Fri 03:48:49 AM,19.6103,-98.841, 357°,307,353,"14,550","2,083 ", FlightAware ADS-B (MEX / MMMX),
Fri 03:49:09 AM,19.6351,-98.8488, 330°,309,356,"15,250","2,059 ", FlightAware ADS-B (MEX / MMMX),
Fri 03:49:48 AM,19.6841,-98.8821, 328°,320,368,"16,575","1,993 ", FlightAware ADS-B (PBC / MMPB),
Fri 03:50:19 AM,19.7236,-98.9078,? 328°,328,377,"17,575","1,453 ", FlightAware ADS-B (MEX / MMMX),
Fri 03:50:52 AM,19.767,-98.9364,? 328°,354,407,"18,125",882 , FlightAware ADS-B (PBC / MMPB),
Fri 03:51:27 AM,19.8192,-98.9712,? 328°,383,441,"18,575",762 , FlightAware ADS-B (MEX / MMMX),
Fri 03:51:57 AM,19.866,-99.0024,? 328°,404,465,"18,950","1,175 ", FlightAware ADS-B (AZP / MMJC),
Fri 03:52:27 AM,19.9145,-99.0346,? 328°,411,473,"19,750","1,500 ", FlightAware ADS-B (AZP / MMJC),
Fri 03:52:57 AM,19.961,-99.0654,? 328°,418,481,"20,450","1,650 ", FlightAware ADS-B (MEX / MMMX),
Fri 03:53:27 AM,20.0114,-99.0989,? 328°,419,482,"21,400","1,975 ", FlightAware ADS-B (MEX / MMMX),
Fri 03:53:57 AM,20.0621,-99.1326,? 328°,418,481,"22,425","1,950 ", FlightAware ADS-B (KAXH),
Fri 03:54:27 AM,20.1117,-99.1658,? 328°,418,481,"23,350","1,643 ", FlightAware ADS-B (AZP / MMJC),
Fri 03:55:00 AM,20.1644,-99.2009,? 328°,423,487,"24,150","1,214 ", FlightAware ADS-B (TAM / MMTM),
Fri 03:55:30 AM,20.2159,-99.2353,? 328°,435,501,"24,625","1,075 ", FlightAware ADS-B (QRO / MMQT),
Fri 03:56:00 AM,20.267,-99.2694,? 328°,442,509,"25,225","1,300 ", FlightAware ADS-B (MEX / MMMX),
Fri 03:56:30 AM,20.3183,-99.3037,? 328°,446,513,"25,925","1,375 ", FlightAware ADS-B (TSL / MMTN),
Fri 03:57:00 AM,20.3729,-99.3402,? 328°,452,520,"26,600","1,175 ", FlightAware ADS-B (MMPC),
Fri 03:57:30 AM,20.426,-99.3757,? 328°,459,528,"27,100","1,150 ", FlightAware ADS-B (QRO / MMQT),
Fri 03:58:00 AM,20.4807,-99.4124,? 328°,463,533,"27,750","1,200 ", FlightAware ADS-B (QRO / MMQT),
Fri 03:58:30 AM,20.5359,-99.4495,? 328°,470,541,"28,300","1,050 ", FlightAware ADS-B (QRO / MMQT),
Fri 03:59:00 AM,20.5911,-99.4865,? 328°,474,545,"28,800","1,375 ", FlightAware ADS-B (QRO / MMQT),
Fri 03:59:30 AM,20.6465,-99.5237,? 328°,471,542,"29,675","1,450 ", FlightAware ADS-B (QRO / MMQT),
Fri 04:00:00 AM,20.7031,-99.5616,? 328°,475,547,"30,250","1,000 ", FlightAware ADS-B (QRO / MMQT),
Fri 04:00:30 AM,20.7583,-99.5988,? 328°,480,552,"30,675","1,025 ", FlightAware ADS-B (TLC / MMTO),
Fri 04:01:00 AM,20.8141,-99.6364,? 328°,481,554,"31,275","1,255 ", FlightAware ADS-B (TLC / MMTO),
Fri 04:01:25 AM,20.8598,-99.6687,? 324°,479,551,"31,825","1,038 ", FlightAware ADS-B (MLM / MMMM),
Fri 04:01:52 AM,20.9056,-99.7077,? 319°,480,552,"32,175",877 , FlightAware ADS-B (KAXH),
Fri 04:02:18 AM,20.9494,-99.7527,? 314°,480,552,"32,600","1,313 ", FlightAware ADS-B (TSL / MMTN),
Fri 04:02:48 AM,20.9922,-99.8054,? 308°,471,542,"33,400","1,550 ", FlightAware ADS-B (QRO / MMQT),
Fri 04:03:18 AM,21.0291,-99.8605,? 303°,463,533,"34,150","1,963 ", FlightAware ADS-B (AZP / MMJC),
Fri 04:03:56 AM,21.0681,-99.9341,? 296°,443,510,"35,625","2,007 ", FlightAware ADS-B (AZP / MMJC),
Fri 04:04:26 AM,21.0929,-99.9953,? 291°,436,502,"36,425","1,364 ", FlightAware ADS-B (MLM / MMMM),
Fri 04:04:51 AM,21.1089,-100.0461,? 287°,433,498,"36,875","1,036 ", FlightAware ADS-B (MEX / MMMX),
Fri 04:05:21 AM,21.1249,-100.1062,? 286°,432,497,"37,375","1,225 ", FlightAware ADS-B (BJX / MMLO),
Fri 04:05:51 AM,21.1414,-100.1661,? 287°,426,490,"38,100","1,475 ", FlightAware ADS-B (BJX / MMLO),
Fri 04:06:22 AM,21.1597,-100.2325,? 286°,419,482,"38,875","1,352 ", FlightAware ADS-B (QRO / MMQT),
Fri 04:06:52 AM,21.1749,-100.2888,? 286°,414,476,"39,475",975 , FlightAware ADS-B (BJX / MMLO),
Fri 04:07:22 AM,21.1908,-100.3476,? 286°,413,475,"39,850",525 , FlightAware ADS-B (BJX / MMLO),
Fri 04:07:52 AM,21.2067,-100.4065,? 286°,417,480,"40,000",143 , FlightAware ADS-B (SLP / MMSP),
Fri 04:08:25 AM,21.225,-100.4743,? 286°,426,490,"40,000",Level, FlightAware ADS-B (GDL / MMGL),
Fri 04:08:56 AM,21.2414,-100.535,? 286°,427,491,"40,000",Level, FlightAware ADS-B (GDL / MMGL),
Fri 04:09:26 AM,21.2579,-100.596,? 286°,428,493,"40,000",Level, FlightAware ADS-B (GDL / MMGL),
Fri 04:09:56 AM,21.2743,-100.6572,? 286°,428,493,"40,000",Level, FlightAware ADS-B (GDL / MMGL),
Fri 04:10:26 AM,21.2909,-100.7188,? 286°,427,491,"40,000",Level, FlightAware ADS-B (GDL / MMGL),
Fri 04:10:56 AM,21.3072,-100.7794,? 286°,426,490,"40,000",Level, FlightAware ADS-B (GDL / MMGL),
Fri 04:11:26 AM,21.3235,-100.8408,? 286°,427,491,"40,000",Level, FlightAware ADS-B (GDL / MMGL),
Fri 04:11:56 AM,21.3397,-100.9013,? 286°,428,493,"40,000",Level, FlightAware ADS-B (GDL / MMGL),
Fri 04:12:26 AM,21.3559,-100.9617,? 287°,429,494,"40,000",Level, FlightAware ADS-B (GDL / MMGL),
Fri 04:12:42 AM,21.3695,-100.9977,? 298°,441,507,"40,000",Level, FlightAware ADS-B (BJX / MMLO),
Fri 04:13:23 AM,21.4175,-101.0694,? 306°,450,518,"40,000",Level, FlightAware ADS-B (AGU / MMAS),
Fri 04:13:53 AM,21.4535,-101.1246,? 305°,449,517,"40,000",Level, FlightAware ADS-B (AGU / MMAS),
Fri 04:14:23 AM,21.4895,-101.18,? 305°,448,516,"40,000",Level, FlightAware ADS-B (BJX / MMLO),
Fri 04:14:53 AM,21.5253,-101.2345,? 305°,446,513,"40,000",Level, FlightAware ADS-B (AGU / MMAS),
Fri 04:15:23 AM,21.5605,-101.2879,? 305°,443,510,"40,000",Level, FlightAware ADS-B (AGU / MMAS),
Fri 04:15:53 AM,21.5961,-101.342,? 305°,442,509,"40,000",Level, FlightAware ADS-B (BJX / MMLO),
Fri 04:16:23 AM,21.6324,-101.3975,? 305°,443,510,"40,000",Level, FlightAware ADS-B (BJX / MMLO),
Fri 04:16:53 AM,21.6684,-101.4523,? 305°,444,511,"40,000",Level, FlightAware ADS-B (AGU / MMAS),
Fri 04:17:23 AM,21.7034,-101.5057,? 305°,445,512,"40,000",Level, FlightAware ADS-B (BJX / MMLO),
Fri 04:17:54 AM,21.738,-101.5587,? 305°,444,511,"40,000",Level, FlightAware ADS-B (KEFD),
Fri 04:18:24 AM,21.774,-101.6138,? 305°,444,511,"40,000",Level, FlightAware ADS-B (AGU / MMAS),
Fri 04:18:54 AM,21.8104,-101.6696,? 305°,445,512,"40,000",Level, FlightAware ADS-B (BJX / MMLO),
Fri 04:19:24 AM,21.8447,-101.7222,? 305°,445,512,"40,000",Level, FlightAware ADS-B (GDL / MMGL),
Fri 04:19:54 AM,21.8807,-101.7775,? 305°,445,512,"40,000",Level, FlightAware ADS-B (AGU / MMAS),
Fri 04:20:24 AM,21.9158,-101.8314,? 305°,444,511,"40,000",Level, FlightAware ADS-B (AGU / MMAS),
Fri 04:20:54 AM,21.9514,-101.8862,? 305°,443,510,"40,000",Level, FlightAware ADS-B (BJX / MMLO),
Fri 04:21:24 AM,21.9866,-101.9405,? 305°,442,509,"40,000",Level, FlightAware ADS-B (AGU / MMAS),
Fri 04:21:54 AM,22.0216,-101.9945,? 305°,443,510,"40,000",Level, FlightAware ADS-B (BJX / MMLO),
Fri 04:22:24 AM,22.0568,-102.049,? 305°,444,511,"40,000",Level, FlightAware ADS-B (GDL / MMGL),
Fri 04:22:54 AM,22.0922,-102.1038,? 305°,446,513,"40,000",Level, FlightAware ADS-B (GDL / MMGL),
Fri 04:23:24 AM,22.1267,-102.1571,? 305°,446,513,"40,000",Level, FlightAware ADS-B (GDL / MMGL),
Fri 04:23:54 AM,22.1638,-102.2146,? 305°,445,512,"40,000",Level, FlightAware ADS-B (BJX / MMLO),
Fri 04:24:24 AM,22.1983,-102.268,? 305°,445,512,"40,000",Level, FlightAware ADS-B (QRO / MMQT),
Fri 04:24:54 AM,22.2327,-102.3214,? 305°,445,512,"40,000",Level, FlightAware ADS-B (BJX / MMLO),
Fri 04:25:24 AM,22.2688,-102.3776,? 305°,444,511,"40,000",Level, FlightAware ADS-B (KEFD),
Fri 04:25:54 AM,22.3036,-102.4316,? 305°,442,509,"40,000",Level, FlightAware ADS-B (GDL / MMGL),
Fri 04:26:24 AM,22.3377,-102.4848,? 305°,442,509,"40,000",Level, FlightAware ADS-B (BJX / MMLO),
Fri 04:26:54 AM,22.3733,-102.5403,? 305°,440,506,"40,000",Level, FlightAware ADS-B (AGU / MMAS),
Fri 04:27:24 AM,22.4082,-102.5947,? 305°,439,505,"40,000",Level, FlightAware ADS-B (KEFD),
Fri 04:27:54 AM,22.4431,-102.6493,? 305°,441,507,"40,000",Level, FlightAware ADS-B (KEFD),
Fri 04:28:24 AM,22.4776,-102.7032,? 305°,443,510,"40,000",Level, FlightAware ADS-B (KEFD),
Fri 04:28:54 AM,22.5127,-102.7582,? 305°,444,511,"40,000",Level, FlightAware ADS-B (KEFD),
Fri 04:29:24 AM,22.5481,-102.8136,? 305°,444,511,"40,000",Level, FlightAware ADS-B (KEFD),
Fri 04:29:54 AM,22.5828,-102.868,? 304°,444,511,"40,000",Level, FlightAware ADS-B (KEFD),
Fri 04:30:24 AM,22.618,-102.9232,? 305°,443,510,"40,000",Level, FlightAware ADS-B (KEFD),
Fri 04:30:54 AM,22.653,-102.9782,? 304°,442,509,"40,000",Level, FlightAware ADS-B (KEFD),
Fri 04:31:24 AM,22.6879,-103.0331,? 304°,443,510,"40,000",Level, FlightAware ADS-B (KEFD),
Fri 04:31:54 AM,22.7227,-103.088,? 304°,443,510,"40,000",Level, FlightAware ADS-B (KEFD),
Fri 04:32:24 AM,22.7573,-103.1425,? 304°,443,510,"40,000",Level, FlightAware ADS-B (KEFD),
Fri 04:32:54 AM,22.792,-103.1972,? 304°,443,510,"40,000",Level, FlightAware ADS-B (KEFD),
Fri 04:33:24 AM,22.8271,-103.2527,? 304°,443,510,"40,000",Level, FlightAware ADS-B (KEFD),
Fri 04:33:54 AM,22.8619,-103.3078,? 304°,444,511,"40,000",Level, FlightAware ADS-B (KEFD),
Fri 04:34:24 AM,22.8967,-103.3628,? 304°,443,510,"40,000",Level, FlightAware ADS-B (KEFD),
Fri 04:34:54 AM,22.9315,-103.418,? 304°,442,509,"40,000",Level, FlightAware ADS-B (KEFD),
Fri 04:35:24 AM,22.9656,-103.472,? 304°,441,507,"40,000",Level, FlightAware ADS-B (KEFD),
Fri 04:35:55 AM,23.0002,-103.527,? 304°,440,506,"40,000",Level, FlightAware ADS-B (KEFD),
Fri 04:36:27 AM,23.036,-103.584,? 304°,441,507,"40,000",Level, FlightAware ADS-B (GDL / MMGL),
Fri 04:36:57 AM,23.0708,-103.6393,? 304°,439,505,"40,000",Level, FlightAware ADS-B (GDL / MMGL),
Fri 04:37:27 AM,23.1056,-103.6948,? 304°,437,503,"40,000",Level, FlightAware ADS-B (ZCL / MMZC),
Fri 04:37:57 AM,23.1389,-103.748,? 304°,438,504,"40,000",Level, FlightAware ADS-B (GDL / MMGL),
Fri 04:38:27 AM,23.1731,-103.8026,? 304°,439,505,"40,000",Level, FlightAware ADS-B (AGU / MMAS),
Fri 04:38:58 AM,23.2092,-103.8604,? 304°,440,506,"40,000",Level, FlightAware ADS-B (DGO / MMDO),
Fri 04:39:28 AM,23.2438,-103.9157,? 304°,441,507,"40,000",Level, FlightAware ADS-B (ZCL / MMZC),
Fri 04:39:58 AM,23.2783,-103.9708,? 304°,436,502,"40,000",Level, FlightAware ADS-B (ZCL / MMZC),
Fri 04:40:28 AM,23.3121,-104.025,? 304°,432,497,"40,000",Level, FlightAware ADS-B (ZCL / MMZC),
Fri 04:40:58 AM,23.3455,-104.0787,? 304°,428,493,"40,000",Level, FlightAware ADS-B (ZCL / MMZC),
Fri 04:41:28 AM,23.377,-104.1293,? 304°,430,495,"40,000",Level, FlightAware ADS-B (KAXH),
Fri 04:41:59 AM,23.4172,-104.1859,? 311°,440,506,"40,000",Level, FlightAware ADS-B (DGO / MMDO),
Fri 04:42:36 AM,23.4698,-104.2447,? 315°,447,514,"40,000",Level, FlightAware ADS-B (TRC / MMTC),
Fri 04:43:06 AM,23.5135,-104.2936,? 314°,447,514,"40,000",Level, FlightAware ADS-B (TRC / MMTC),
Fri 04:43:39 AM,23.5615,-104.3473,? 314°,444,511,"40,000",Level, FlightAware ADS-B (DGO / MMDO),
Fri 04:44:09 AM,23.6046,-104.3956,? 314°,441,507,"40,000",Level, FlightAware ADS-B (DGO / MMDO),
Fri 04:44:39 AM,23.6472,-104.4433,? 314°,443,510,"40,000",Level, FlightAware ADS-B (DGO / MMDO),
Fri 04:45:09 AM,23.6891,-104.4903,? 314°,441,507,"40,000",Level, FlightAware ADS-B (DGO / MMDO),
Fri 04:45:39 AM,23.7326,-104.5391,? 314°,440,506,"40,000",Level, FlightAware ADS-B (DGO / MMDO),
Fri 04:46:10 AM,23.7757,-104.5876,? 314°,440,506,"40,000",Level, FlightAware ADS-B (DGO / MMDO),
Fri 04:46:40 AM,23.8167,-104.6336,? 314°,441,507,"40,000",Level, FlightAware ADS-B (DGO / MMDO),
Fri 04:47:11 AM,23.8608,-104.6833,? 314°,440,506,"40,000",Level, FlightAware ADS-B (DGO / MMDO),
Fri 04:47:41 AM,23.9033,-104.7311,? 314°,439,505,"40,000",Level, FlightAware ADS-B (DGO / MMDO),
Fri 04:48:11 AM,23.9464,-104.7798,? 314°,440,506,"40,000",Level, FlightAware ADS-B (DGO / MMDO),
Fri 04:48:45 AM,23.9932,-104.8327,? 314°,441,507,"40,000",Level, FlightAware ADS-B (MZT / MMMZ),
Fri 04:49:18 AM,24.04,-104.8856,? 314°,441,507,"40,000",Level, FlightAware ADS-B (ZCL / MMZC),
Fri 04:49:48 AM,24.0846,-104.9361,? 314°,442,509,"40,000",Level, FlightAware ADS-B (TRC / MMTC),
Fri 04:50:18 AM,24.1273,-104.9844,? 314°,441,507,"40,000",Level, FlightAware ADS-B (TRC / MMTC),
Fri 04:50:48 AM,24.1701,-105.033,? 314°,439,505,"40,000",Level, FlightAware ADS-B (TRC / MMTC),
Fri 04:51:18 AM,24.2105,-105.0788,? 314°,439,505,"40,000",Level, FlightAware ADS-B (ZCL / MMZC),
Fri 04:51:48 AM,24.255,-105.1293,? 314°,438,504,"40,000",Level, FlightAware ADS-B (TRC / MMTC),
Fri 04:52:18 AM,24.2969,-105.1771,? 314°,439,505,"40,000",Level, FlightAware ADS-B (TRC / MMTC),
Fri 04:52:48 AM,24.3361,-105.2217,? 314°,439,505,"40,000",Level, FlightAware ADS-B (ZCL / MMZC),
Fri 04:53:18 AM,24.3794,-105.2711,? 314°,440,506,"40,000",Level, FlightAware ADS-B (ZCL / MMZC),
Fri 04:53:49 AM,24.4244,-105.3224,? 314°,441,507,"40,000",Level, FlightAware ADS-B (TRC / MMTC),
Fri 04:54:19 AM,24.4671,-105.3712,? 314°,441,507,"40,000",Level, FlightAware ADS-B (TRC / MMTC),
Fri 04:54:49 AM,24.5095,-105.4197,? 314°,443,510,"40,000",Level, FlightAware ADS-B (TRC / MMTC),
Fri 04:55:19 AM,24.552,-105.4683,? 314°,444,511,"40,000",Level, FlightAware ADS-B (TRC / MMTC),
Fri 04:55:49 AM,24.5953,-105.5179,? 314°,444,511,"40,000",Level, FlightAware ADS-B (TRC / MMTC),
Fri 04:56:19 AM,24.6374,-105.5661,? 314°,443,510,"40,000",Level, FlightAware ADS-B (TRC / MMTC),
Fri 04:56:49 AM,24.68,-105.6151,? 314°,441,507,"40,000",Level, FlightAware ADS-B (TRC / MMTC),
Fri 04:57:20 AM,24.7231,-105.6645,? 314°,438,504,"40,000",Level, FlightAware ADS-B (KAXH),
Fri 04:57:50 AM,24.7645,-105.7122,? 314°,434,499,"40,000",Level, FlightAware ADS-B (TRC / MMTC),
Fri 04:58:20 AM,24.8057,-105.7597,? 314°,433,498,"40,000",Level, FlightAware ADS-B (TRC / MMTC),
Fri 04:58:50 AM,24.8473,-105.8076,? 314°,433,498,"40,000",Level, FlightAware ADS-B (KAXH),
Fri 04:59:20 AM,24.8892,-105.856,? 314°,432,497,"40,000",Level, FlightAware ADS-B (TRC / MMTC),
Fri 04:59:50 AM,24.93,-105.9032,? 314°,432,497,"40,000",Level, FlightAware ADS-B (KAXH),
Fri 05:00:20 AM,24.9719,-105.9517,? 313°,432,497,"40,000",Level, FlightAware ADS-B (TRC / MMTC),
Fri 05:00:50 AM,25.0138,-106.0003,? 313°,434,499,"40,000",Level, FlightAware ADS-B (TRC / MMTC),
Fri 05:01:20 AM,25.0556,-106.0487,? 313°,435,501,"40,000",Level, FlightAware ADS-B (KAXH),
Fri 05:01:51 AM,25.0965,-106.0963,? 313°,437,503,"40,000",Level, FlightAware ADS-B (KAXH),
Fri 05:02:21 AM,25.1386,-106.1452,? 313°,438,504,"40,000",Level, FlightAware ADS-B (KAXH),
Fri 05:02:53 AM,25.183,-106.1968,? 313°,436,502,"40,000",Level, FlightAware ADS-B (DGO / MMDO),
Fri 05:03:23 AM,25.2245,-106.2451,? 313°,434,499,"40,000",Level, FlightAware ADS-B (DGO / MMDO),
Fri 05:03:53 AM,25.2657,-106.2931,? 313°,433,498,"40,000",Level, FlightAware ADS-B (DGO / MMDO),
Fri 05:04:23 AM,25.3069,-106.3412,? 313°,432,497,"40,000",Level, FlightAware ADS-B (DGO / MMDO),
Fri 05:04:53 AM,25.3478,-106.389,? 313°,431,496,"40,000",Level, FlightAware ADS-B (DGO / MMDO),
Fri 05:05:23 AM,25.389,-106.4373,? 313°,431,496,"40,000",Level, FlightAware ADS-B (DGO / MMDO),
Fri 05:05:53 AM,25.4302,-106.4855,? 313°,431,496,"40,000",Level, FlightAware ADS-B (DGO / MMDO),
Fri 05:06:25 AM,25.4732,-106.5359,? 313°,431,496,"40,000",Level, FlightAware ADS-B (CUU / MMCU),
Fri 05:06:55 AM,25.5138,-106.5836,? 313°,432,497,"40,000",Level, FlightAware ADS-B (CUU / MMCU),
Fri 05:07:25 AM,25.5551,-106.6321,? 313°,432,497,"40,000",Level, FlightAware ADS-B (CUU / MMCU),
Fri 05:07:55 AM,25.597,-106.6813,? 313°,432,497,"40,000",Level, FlightAware ADS-B (CUU / MMCU),
Fri 05:08:25 AM,25.6377,-106.7293,? 313°,432,497,"40,000",Level, FlightAware ADS-B (CUU / MMCU),
Fri 05:08:55 AM,25.6791,-106.778,? 313°,433,498,"40,000",Level, FlightAware ADS-B (CUU / MMCU),
Fri 05:09:26 AM,25.7213,-106.8278,? 313°,433,498,"40,000",Level, FlightAware ADS-B (CUL / MMCL),
Fri 05:09:56 AM,25.7616,-106.8754,? 313°,433,498,"40,000",Level, FlightAware ADS-B (CUU / MMCU),
Fri 05:10:26 AM,25.8054,-106.9273,? 313°,432,497,"40,000",Level, FlightAware ADS-B (CUL / MMCL),
Fri 05:10:56 AM,25.8436,-106.9725,? 313°,431,496,"40,000",Level, FlightAware ADS-B (CUU / MMCU),
Fri 05:11:26 AM,25.8872,-107.0242,? 313°,431,496,"40,000",Level, FlightAware ADS-B (CUL / MMCL),
Fri 05:11:56 AM,25.9279,-107.0723,? 313°,431,496,"40,000",Level, FlightAware ADS-B (CUL / MMCL),
Fri 05:12:26 AM,25.966,-107.1176,? 313°,431,496,"40,000",Level, FlightAware ADS-B (CUU / MMCU),
Fri 05:12:56 AM,26.007,-107.1664,? 313°,431,496,"40,000",Level, FlightAware ADS-B (CUU / MMCU),
Fri 05:13:26 AM,26.0484,-107.2157,? 313°,432,497,"40,000",Level, FlightAware ADS-B (CUU / MMCU),
Fri 05:13:56 AM,26.089,-107.264,? 313°,433,498,"40,000",Level, FlightAware ADS-B (CUU / MMCU),
Fri 05:14:26 AM,26.1301,-107.3131,? 313°,433,498,"40,000",Level, FlightAware ADS-B (CUU / MMCU),
Fri 05:14:56 AM,26.1713,-107.3622,? 313°,432,497,"40,000",Level, FlightAware ADS-B (CUU / MMCU),
Fri 05:15:26 AM,26.2124,-107.4114,? 313°,432,497,"40,000",Level, FlightAware ADS-B (CUU / MMCU),
Fri 05:15:56 AM,26.2525,-107.4593,? 313°,432,497,"40,000",Level, FlightAware ADS-B (CUU / MMCU),
Fri 05:16:26 AM,26.294,-107.5092,? 313°,432,497,"40,000",Level, FlightAware ADS-B (CUU / MMCU),
Fri 05:16:56 AM,26.3352,-107.5585,? 313°,435,501,"40,000",Level, FlightAware ADS-B (CUU / MMCU),
Fri 05:17:27 AM,26.3779,-107.6098,? 313°,435,501,"40,000",Level, FlightAware ADS-B (CUL / MMCL),
Fri 05:17:57 AM,26.4194,-107.6598,? 313°,436,502,"40,000",Level, FlightAware ADS-B (CUL / MMCL),
Fri 05:18:27 AM,26.4613,-107.7102,? 313°,437,503,"40,000",Level, FlightAware ADS-B (CUL / MMCL),
Fri 05:18:57 AM,26.5023,-107.7597,? 313°,435,501,"40,000",Level, FlightAware ADS-B (CUL / MMCL),
Fri 05:19:27 AM,26.5427,-107.8083,? 313°,434,499,"40,000",Level, FlightAware ADS-B (CUL / MMCL),
Fri 05:19:57 AM,26.5842,-107.8584,? 313°,434,499,"40,000",Level, FlightAware ADS-B (CUL / MMCL),
Fri 05:20:34 AM,26.6324,-107.9167,? 313°,435,501,"40,000",Level, FlightAware ADS-B (LMM / MMLM),
Fri 05:21:04 AM,26.6741,-107.9673,? 313°,437,503,"40,000",Level, FlightAware ADS-B (LMM / MMLM),
Fri 05:21:34 AM,26.7154,-108.0173,? 313°,436,502,"40,000",Level, FlightAware ADS-B (LMM / MMLM),
Fri 05:22:05 AM,26.7562,-108.0669,? 313°,435,501,"40,000",Level, FlightAware ADS-B (LMM / MMLM),
Fri 05:22:35 AM,26.7972,-108.1167,? 313°,433,498,"40,000",Level, FlightAware ADS-B (LMM / MMLM),
Fri 05:23:06 AM,26.8389,-108.1674,? 313°,431,496,"40,000",Level, FlightAware ADS-B (LMM / MMLM),
Fri 05:23:37 AM,26.8808,-108.2185,? 313°,431,496,"40,000",Level, FlightAware ADS-B (CEN / MMCN),
Fri 05:24:07 AM,26.9226,-108.2695,? 312°,432,497,"40,000",Level, FlightAware ADS-B (CEN / MMCN),
Fri 05:24:37 AM,26.9629,-108.3188,? 312°,433,498,"40,000",Level, FlightAware ADS-B (CEN / MMCN),
Fri 05:25:07 AM,27.0032,-108.3681,? 312°,435,501,"40,000",Level, FlightAware ADS-B (CUL / MMCL),
Fri 05:25:38 AM,27.045,-108.4193,? 312°,437,503,"40,000",Level, FlightAware ADS-B (CEN / MMCN),
Fri 05:26:08 AM,27.0858,-108.4693,? 312°,437,503,"40,000",Level, FlightAware ADS-B (CEN / MMCN),
Fri 05:26:38 AM,27.127,-108.5198,? 312°,436,502,"40,000",Level, FlightAware ADS-B (CEN / MMCN),
Fri 05:27:08 AM,27.1678,-108.5699,? 312°,435,501,"40,000",Level, FlightAware ADS-B (CEN / MMCN),
Fri 05:27:38 AM,27.208,-108.6193,? 312°,436,502,"40,000",Level, FlightAware ADS-B (CEN / MMCN),
Fri 05:28:08 AM,27.2495,-108.6705,? 312°,438,504,"40,000",Level, FlightAware ADS-B (CEN / MMCN),
Fri 05:28:38 AM,27.2909,-108.7215,? 312°,439,505,"40,000",Level, FlightAware ADS-B (CEN / MMCN),
Fri 05:29:08 AM,27.3312,-108.7714,? 312°,440,506,"40,000",Level, FlightAware ADS-B (CEN / MMCN),
Fri 05:29:38 AM,27.3733,-108.8234,? 312°,440,506,"40,000",Level, FlightAware ADS-B (CEN / MMCN),
Fri 05:30:09 AM,27.4145,-108.8743,? 312°,440,506,"40,000",Level, FlightAware ADS-B (CEN / MMCN),
Fri 05:30:39 AM,27.4554,-108.9249,? 312°,439,505,"40,000",Level, FlightAware ADS-B (CEN / MMCN),
Fri 05:31:09 AM,27.4966,-108.9761,? 312°,439,505,"40,000",Level, FlightAware ADS-B (CEN / MMCN),
Fri 05:31:39 AM,27.5376,-109.0269,? 312°,439,505,"40,000",Level, FlightAware ADS-B (CEN / MMCN),
Fri 05:32:09 AM,27.5782,-109.0774,? 312°,440,506,"40,000",Level, FlightAware ADS-B (CEN / MMCN),
Fri 05:32:39 AM,27.62,-109.1295,? 312°,440,506,"40,000",Level, FlightAware ADS-B (CEN / MMCN),
Fri 05:33:09 AM,27.6613,-109.1811,? 312°,441,507,"40,000",Level, FlightAware ADS-B (CEN / MMCN),
Fri 05:33:39 AM,27.702,-109.2319,? 312°,443,510,"40,000",Level, FlightAware ADS-B (CEN / MMCN),
Fri 05:34:10 AM,27.7437,-109.2839,? 312°,444,511,"40,000",Level, FlightAware ADS-B (CEN / MMCN),
Fri 05:34:40 AM,27.785,-109.3356,? 312°,445,512,"40,000",Level, FlightAware ADS-B (CEN / MMCN),
Fri 05:35:10 AM,27.8267,-109.3878,? 312°,444,511,"40,000",Level, FlightAware ADS-B (CEN / MMCN),
Fri 05:35:40 AM,27.8681,-109.4396,? 312°,442,509,"40,000",Level, FlightAware ADS-B (CEN / MMCN),
Fri 05:36:10 AM,27.9088,-109.4908,? 312°,441,507,"40,000",Level, FlightAware ADS-B (CEN / MMCN),
Fri 05:36:40 AM,27.9494,-109.5419,? 312°,439,505,"40,000",Level, FlightAware ADS-B (CEN / MMCN),
Fri 05:37:10 AM,27.9906,-109.5938,? 312°,438,504,"40,000",Level, FlightAware ADS-B (CEN / MMCN),
Fri 05:37:40 AM,28.031,-109.6447,? 312°,437,503,"40,000",Level, FlightAware ADS-B (CEN / MMCN),
Fri 05:38:10 AM,28.0716,-109.6958,? 312°,438,504,"40,000",Level, FlightAware ADS-B (CEN / MMCN),
Fri 05:38:40 AM,28.1121,-109.7471,? 312°,437,503,"40,000",Level, FlightAware ADS-B (CEN / MMCN),
Fri 05:39:11 AM,28.1531,-109.7989,? 312°,434,499,"40,000",Level, FlightAware ADS-B (CEN / MMCN),
Fri 05:39:41 AM,28.1928,-109.8491,? 312°,433,498,"40,000",Level, FlightAware ADS-B (CEN / MMCN),
Fri 05:40:11 AM,28.2329,-109.9001,? 312°,431,496,"40,000",Level, FlightAware ADS-B (GYM / MMGM),
Fri 05:40:41 AM,28.2729,-109.9507,? 312°,429,494,"40,000",Level, FlightAware ADS-B (CEN / MMCN),
Fri 05:41:11 AM,28.3127,-110.0013,? 312°,429,494,"40,000",Level, FlightAware ADS-B (CEN / MMCN),
Fri 05:41:41 AM,28.3528,-110.0525,? 312°,431,496,"40,000",Level, FlightAware ADS-B (CEN / MMCN),
Fri 05:42:11 AM,28.3921,-110.1026,? 312°,433,498,"40,000",Level, FlightAware ADS-B (CEN / MMCN),
Fri 05:42:41 AM,28.4323,-110.1539,? 312°,434,499,"40,000",Level, FlightAware ADS-B (CEN / MMCN),
Fri 05:43:11 AM,28.473,-110.2058,? 312°,434,499,"40,000",Level, FlightAware ADS-B (CEN / MMCN),
Fri 05:43:41 AM,28.5111,-110.2546,? 312°,435,501,"40,000",Level, FlightAware ADS-B (GYM / MMGM),
Fri 05:44:12 AM,28.5533,-110.3086,? 312°,435,501,"40,000",Level, FlightAware ADS-B (CEN / MMCN),
Fri 05:44:42 AM,28.5935,-110.3601,? 312°,433,498,"40,000",Level, FlightAware ADS-B (CEN / MMCN),
Fri 05:45:12 AM,28.6337,-110.4116,? 312°,431,496,"40,000",Level, FlightAware ADS-B (CEN / MMCN),
Fri 05:45:42 AM,28.6724,-110.4613,? 311°,429,494,"40,000",Level, FlightAware ADS-B (CEN / MMCN),
Fri 05:46:12 AM,28.712,-110.5124,? 311°,429,494,"40,000",Level, FlightAware ADS-B (PPE / MMPE),
Fri 05:46:42 AM,28.7519,-110.5639,? 311°,429,494,"40,000",Level, FlightAware ADS-B (CEN / MMCN),
Fri 05:47:12 AM,28.7912,-110.6147,? 311°,430,495,"40,000",Level, FlightAware ADS-B (CEN / MMCN),
Fri 05:47:42 AM,28.8309,-110.666,? 311°,431,496,"40,000",Level, FlightAware ADS-B (CEN / MMCN),
Fri 05:48:13 AM,28.8708,-110.7175,? 311°,432,497,"40,000",Level, FlightAware ADS-B (CEN / MMCN),
Fri 05:48:43 AM,28.9106,-110.7691,? 311°,433,498,"40,000",Level, FlightAware ADS-B (KFHU),
Fri 05:49:13 AM,28.9498,-110.82,? 311°,433,498,"40,000",Level, FlightAware ADS-B (KFHU),
Fri 05:49:43 AM,28.9899,-110.8719,? 311°,431,496,"40,000",Level, FlightAware ADS-B (KFHU),
Fri 05:50:13 AM,29.0289,-110.9227,? 311°,432,497,"40,000",Level, FlightAware ADS-B (KFHU),
Fri 05:50:43 AM,29.0698,-110.9759,? 311°,432,497,"40,000",Level, FlightAware ADS-B (CEN / MMCN),
Fri 05:51:13 AM,29.1092,-111.0272,? 311°,432,497,"40,000",Level, FlightAware ADS-B (CEN / MMCN),
Fri 05:51:43 AM,29.1486,-111.0786,? 311°,432,497,"40,000",, FlightAware ADS-B (CEN / MMCN),
Fri 05:52:14 AM,29.1898,-111.1324,? 311°,432,497,"40,000",Level, FlightAware ADS-B (PPE / MMPE),
Fri 05:52:44 AM,29.2281,-111.1823,? 311°,432,497,"40,000",Level, FlightAware ADS-B (CEN / MMCN),
Fri 05:53:14 AM,29.2678,-111.2343,? 311°,431,496,"40,000",Level, FlightAware ADS-B (CEN / MMCN),
Fri 05:53:44 AM,29.3067,-111.2853,? 311°,430,495,"40,000",Level, FlightAware ADS-B (CEN / MMCN),
Fri 05:54:14 AM,29.3471,-111.3384,? 311°,429,494,"40,000",Level, FlightAware ADS-B (PPE / MMPE),
Fri 05:54:44 AM,29.3854,-111.3887,? 311°,430,495,"40,000",Level, FlightAware ADS-B (CEN / MMCN),
Fri 05:55:14 AM,29.4256,-111.4415,? 311°,430,495,"40,000",Level, FlightAware ADS-B (KDMA),
Fri 05:55:44 AM,29.4645,-111.4929,? 311°,432,497,"40,000",Level, FlightAware ADS-B (CEN / MMCN),
Fri 05:56:14 AM,29.5033,-111.5438,? 311°,430,495,"40,000",Level, FlightAware ADS-B (CEN / MMCN),
Fri 05:56:44 AM,29.5424,-111.5956,? 311°,428,493,"40,000",Level, FlightAware ADS-B (CEN / MMCN),
Fri 05:57:14 AM,29.5816,-111.6473,? 311°,426,490,"40,000",Level, FlightAware ADS-B (CEN / MMCN),
Fri 05:57:44 AM,29.6204,-111.6987,? 311°,427,491,"40,000",Level, FlightAware ADS-B (CEN / MMCN),
Fri 05:58:15 AM,29.6598,-111.751,? 311°,428,493,"40,000",Level, FlightAware ADS-B (PPE / MMPE),
Fri 05:58:45 AM,29.6984,-111.8023,? 311°,429,494,"40,000",Level, FlightAware ADS-B (PPE / MMPE),
Fri 05:59:15 AM,29.7379,-111.8547,? 311°,429,494,"40,000",Level, FlightAware ADS-B (PPE / MMPE),
Fri 05:59:45 AM,29.7771,-111.9068,? 311°,428,493,"40,000",Level, FlightAware ADS-B (PPE / MMPE),
Fri 06:00:15 AM,29.8167,-111.9595,? 311°,427,491,"40,000",Level, FlightAware ADS-B (HMO / MMHO),
Fri 06:00:45 AM,29.8549,-112.0105,? 311°,427,491,"40,000",Level, FlightAware ADS-B (KFFZ),
Fri 06:01:15 AM,29.8934,-112.0621,? 311°,429,494,"40,000",Level, FlightAware ADS-B (KFFZ),
Fri 06:01:45 AM,29.9324,-112.1143,? 311°,430,495,"40,000",Level, FlightAware ADS-B (KFFZ),
Fri 06:02:15 AM,29.9716,-112.1667,? 311°,427,491,"40,000",Level, FlightAware ADS-B (KFFZ),
Fri 06:02:45 AM,30.0098,-112.2179,? 311°,425,489,"40,000",Level, FlightAware ADS-B (KFFZ),
Fri 06:03:16 AM,30.0484,-112.2698,? 311°,425,489,"40,000",Level, FlightAware ADS-B (HMO / MMHO),
Fri 06:03:46 AM,30.087,-112.3217,? 311°,426,490,"40,000",Level, FlightAware ADS-B (PPE / MMPE),
Fri 06:04:16 AM,30.1254,-112.3734,? 310°,431,496,"40,000",Level, FlightAware ADS-B (PPE / MMPE),
Fri 06:04:47 AM,30.1677,-112.4306,? 311°,436,502,"40,000",Level, FlightAware ADS-B (HMO / MMHO),
Fri 06:05:17 AM,30.2054,-112.4814,? 311°,438,504,"40,000",Level, FlightAware ADS-B (KFFZ),
Fri 06:05:47 AM,30.2438,-112.5332,? 311°,438,504,"40,000",Level, FlightAware ADS-B (PPE / MMPE),
Fri 06:06:17 AM,30.2832,-112.5865,? 310°,436,502,"40,000",Level, FlightAware ADS-B (KFHU),
Fri 06:06:47 AM,30.3224,-112.6397,? 310°,436,502,"40,000",Level, FlightAware ADS-B (PPE / MMPE),
Fri 06:07:17 AM,30.3627,-112.6944,? 310°,438,504,"40,000",Level, FlightAware ADS-B (HMO / MMHO),
Fri 06:07:47 AM,30.4017,-112.7475,? 310°,441,507,"40,000",Level, FlightAware ADS-B (PPE / MMPE),
Fri 06:08:17 AM,30.4409,-112.8009,? 310°,442,509,"40,000",Level, FlightAware ADS-B (PPE / MMPE),
Fri 06:08:47 AM,30.4814,-112.856,? 310°,443,510,"40,000",Level, FlightAware ADS-B (PPE / MMPE),
Fri 06:09:17 AM,30.5202,-112.9089,? 310°,442,509,"40,000",Level, FlightAware ADS-B (PPE / MMPE),
Fri 06:09:47 AM,30.5601,-112.9634,? 310°,441,507,"40,000",Level, FlightAware ADS-B (PPE / MMPE),
Fri 06:10:17 AM,30.5995,-113.0174,? 310°,441,507,"40,000",Level, FlightAware ADS-B (PPE / MMPE),
Fri 06:10:47 AM,30.6402,-113.0732,? 310°,441,507,"40,000",Level, FlightAware ADS-B (PPE / MMPE),
Fri 06:11:17 AM,30.6791,-113.1265,? 310°,441,507,"40,000",Level, FlightAware ADS-B (PPE / MMPE),
Fri 06:11:47 AM,30.7192,-113.1816,? 310°,440,506,"40,000",Level, FlightAware ADS-B (PPE / MMPE),
Fri 06:12:17 AM,30.7578,-113.2348,? 310°,440,506,"40,000",Level, FlightAware ADS-B (KAVQ),
Fri 06:12:47 AM,30.7972,-113.289,? 310°,439,505,"40,000",Level, FlightAware ADS-B (KAVQ),
Fri 06:13:17 AM,30.8373,-113.3444,? 310°,440,506,"40,000",Level, FlightAware ADS-B (PPE / MMPE),
Fri 06:13:47 AM,30.8762,-113.3982,? 310°,440,506,"40,000",Level, FlightAware ADS-B (KFFZ),
Fri 06:14:17 AM,30.9156,-113.4527,? 310°,434,499,"40,000",Level, FlightAware ADS-B (KFFZ),
Fri 06:14:47 AM,30.9535,-113.5053,? 310°,432,497,"40,000",Level, FlightAware ADS-B (PPE / MMPE),
Fri 06:15:18 AM,30.9926,-113.5594,? 310°,434,499,"40,000",Level, FlightAware ADS-B (PPE / MMPE),
Fri 06:15:49 AM,31.0337,-113.6166,? 310°,436,502,"40,000",Level, FlightAware ADS-B (ESE / MMES),
Fri 06:16:20 AM,31.0746,-113.6736,? 310°,435,501,"40,000",Level, FlightAware ADS-B (KDVT),
Fri 06:16:51 AM,31.1138,-113.7283,? 310°,435,501,"40,000",Level, FlightAware ADS-B (KLUF),
Fri 06:17:21 AM,31.1528,-113.7828,? 310°,440,506,"40,000",Level, FlightAware ADS-B (KLUF),
Fri 06:17:52 AM,31.1928,-113.8386,? 310°,442,509,"40,000",Level, FlightAware ADS-B (PPE / MMPE),
Fri 06:18:22 AM,31.2325,-113.8941,? 310°,443,510,"40,000",Level, FlightAware ADS-B (KAVQ),
Fri 06:18:52 AM,31.2718,-113.9492,? 310°,445,512,"40,000",Level, FlightAware ADS-B (KCGZ),
Fri 06:19:22 AM,31.3104,-114.0034,? 310°,447,514,"40,000",Level, FlightAware ADS-B (PPE / MMPE),
Fri 06:19:52 AM,31.3503,-114.0597,? 310°,448,516,"40,000",Level, FlightAware ADS-B (KIWA),
Fri 06:20:22 AM,31.39,-114.1157,? 310°,448,516,"40,000",Level, FlightAware ADS-B (PPE / MMPE),
Fri 06:20:52 AM,31.4309,-114.1733,? 310°,449,517,"40,000",Level, FlightAware ADS-B (KMYF),
Fri 06:21:22 AM,31.469,-114.2268,? 310°,450,518,"40,000",-75 , FlightAware ADS-B (KCXL),
Fri 06:21:52 AM,31.5102,-114.285,? 310°,451,519,"39,925",-575 , FlightAware ADS-B (KOKB),
Fri 06:22:22 AM,31.5498,-114.3413,? 310°,458,527,"39,425","-1,025 ", FlightAware ADS-B (KMYF),
Fri 06:22:52 AM,31.591,-114.3998,? 310°,464,534,"38,900","-1,025 ", FlightAware ADS-B (KOKB),
Fri 06:23:22 AM,31.6321,-114.4583,? 309°,463,533,"38,400","-1,000 ", FlightAware ADS-B (KPHX),
Fri 06:23:52 AM,31.6721,-114.5152,? 309°,450,518,"37,900",-975 , FlightAware ADS-B (KGYR),
Fri 06:24:22 AM,31.7101,-114.5692,? 310°,436,502,"37,425","-1,000 ", FlightAware ADS-B (KPHX),
Fri 06:24:52 AM,31.75,-114.626,? 309°,431,496,"36,900","-1,150 ", FlightAware ADS-B (KGYR),
Fri 06:25:22 AM,31.7873,-114.6793,? 309°,424,488,"36,275","-1,648 ", FlightAware ADS-B (KGYR),
Fri 06:25:53 AM,31.8253,-114.7343,? 307°,420,483,"35,225","-2,000 ", FlightAware ADS-B (KLGF),
Fri 06:26:10 AM,31.8431,-114.7643,? 303°,424,488,"34,675","-2,127 ", FlightAware ADS-B (KUDD),
Fri 06:26:48 AM,31.8793,-114.845,? 293°,423,487,"33,275","-2,167 ", FlightAware ADS-B (KGYR),
Fri 06:27:31 AM,31.9094,-114.9385,? 291°,422,486,"31,750","-2,116 ", FlightAware ADS-B (KMYF),
Fri 06:28:01 AM,31.9298,-115.0008,? 291°,420,483,"30,700","-2,075 ", FlightAware ADS-B (KCRQ),
Fri 06:28:31 AM,31.9505,-115.064,? 291°,422,486,"29,675","-2,100 ", FlightAware ADS-B (KNYL),
Fri 06:29:01 AM,31.9714,-115.1289,? 291°,416,479,"28,600","-2,125 ", FlightAware ADS-B (KNYL),
Fri 06:29:31 AM,31.9917,-115.1922,? 291°,411,473,"27,550","-2,050 ", FlightAware ADS-B (KNYL),
Fri 06:30:01 AM,32.0113,-115.2535,? 291°,407,468,"26,550","-2,000 ", FlightAware ADS-B (KNKX),
Fri 06:30:31 AM,32.0314,-115.3163,? 291°,402,463,"25,550","-2,050 ", FlightAware ADS-B (KNYL),
Fri 06:31:01 AM,32.0511,-115.3781,? 290°,398,458,"24,500","-2,000 ", FlightAware ADS-B (KNYL),
Fri 06:31:31 AM,32.0702,-115.438,? 290°,393,452,"23,550","-1,875 ", FlightAware ADS-B (KNYL),
Fri 06:32:01 AM,32.0894,-115.4984,? 291°,387,445,"22,625","-1,925 ", FlightAware ADS-B (KNYL),
Fri 06:32:31 AM,32.108,-115.5569,? 291°,380,437,"21,625","-1,850 ", FlightAware ADS-B (KNYL),
Fri 06:33:01 AM,32.125,-115.6105,? 290°,376,433,"20,775","-1,800 ", FlightAware ADS-B (KMYF),
Fri 06:33:31 AM,32.1435,-115.6691,? 290°,368,423,"19,825","-1,738 ", FlightAware ADS-B (KMYF),
Fri 06:34:04 AM,32.1624,-115.7291,? 290°,361,415,"18,950","-1,714 ", FlightAware ADS-B (KNYL),
Fri 06:34:34 AM,32.1804,-115.7863,? 290°,360,414,"18,025","-1,746 ", FlightAware ADS-B (KNYL),
Fri 06:35:05 AM,32.1981,-115.8427,? 290°,358,412,"17,175","-1,648 ", FlightAware ADS-B (KLGF),
Fri 06:35:35 AM,32.2157,-115.8988,? 290°,353,406,"16,350","-1,825 ", FlightAware ADS-B (PPE / MMPE),
Fri 06:36:05 AM,32.232,-115.9512,? 290°,352,405,"15,350","-2,400 ", FlightAware ADS-B (KCRQ),
Fri 06:36:35 AM,32.2498,-116.0079,? 290°,359,413,"13,950","-2,350 ", FlightAware ADS-B (KSAN),
Fri 06:37:05 AM,32.2668,-116.0625,? 290°,354,407,"13,000","-1,875 ", FlightAware ADS-B (KSAN),
Fri 06:37:35 AM,32.2834,-116.1156,? 290°,347,399,"12,075","-1,425 ", FlightAware ADS-B (KMYF),
Fri 06:38:05 AM,32.2989,-116.1659,? 290°,331,381,"11,575",-800 , FlightAware ADS-B (KSAN),
Fri 06:38:35 AM,32.3154,-116.2188,? 290°,308,354,"11,275",-525 , FlightAware ADS-B (KCRQ),
Fri 06:39:05 AM,32.3294,-116.2641,? 290°,286,329,"11,050",-825 , FlightAware ADS-B (KSAN),
Fri 06:39:35 AM,32.3428,-116.3075,? 290°,282,325,"10,450","-1,316 ", FlightAware ADS-B (KSAN),
Fri 06:39:54 AM,32.3512,-116.3346,? 290°,284,327,"9,975","-1,255 ", FlightAware ADS-B (KEMT),
Fri 06:40:24 AM,32.3643,-116.377,? 290°,282,325,"9,425","-1,139 ", FlightAware ADS-B (KSEE),
Fri 06:40:48 AM,32.3748,-116.4115,? 289°,280,322,"8,950","-1,188 ", FlightAware ADS-B (KCRQ),
Fri 06:41:12 AM,32.3829,-116.446,? 283°,277,319,"8,475","-1,194 ", FlightAware ADS-B (KSAN),
Fri 06:41:42 AM,32.3916,-116.4906,? 283°,272,313,"7,875",-975 , FlightAware ADS-B (KSAN),
Fri 06:42:12 AM,32.4006,-116.5335,? 285°,252,290,"7,500",-650 , FlightAware ADS-B (KSAN),
Fri 06:42:42 AM,32.409,-116.5715,? 285°,227,261,"7,225","-1,000 ", FlightAware ADS-B (KEMT),
Fri 06:43:12 AM,32.4167,-116.6058,? 285°,219,252,"6,500","-1,763 ", FlightAware ADS-B (KEMT),
Fri 06:43:39 AM,32.424,-116.6383,? 288°,229,264,"5,550","-1,565 ", FlightAware ADS-B (KNKX),
Fri 06:43:58 AM,32.4317,-116.6593,? 296°,215,247,"5,300",-659 , FlightAware ADS-B (KNKX),
Fri 06:44:20 AM,32.4405,-116.6826,? 293°,205,236,"5,100",-837 , FlightAware ADS-B (KCRQ),
Fri 06:44:50 AM,32.4519,-116.7139,? 294°,204,235,"4,575",-925 , FlightAware ADS-B (KMYF),
Fri 06:45:20 AM,32.4634,-116.744,? 294°,200,230,"4,175",-825 , FlightAware ADS-B (TIJ / MMTJ),
Fri 06:45:50 AM,32.4743,-116.7728,? 294°,193,222,"3,750",-950 , FlightAware ADS-B (KNLC),
Fri 06:46:20 AM,32.4849,-116.8008,? 294°,180,207,"3,225","-1,025 ", FlightAware ADS-B (KNKX),
Fri 06:46:50 AM,32.4945,-116.8265,? 294°,161,185,"2,725",-925 , FlightAware ADS-B (KMYF),
Fri 06:47:20 AM,32.5029,-116.8487,? 294°,142,163,"2,300",-796 , FlightAware ADS-B (KSAN),
Fri 06:47:39 AM,32.508,-116.862,? 297°,141,162,"2,075",-716 , FlightAware ADS-B (KEMT),
Fri 06:48:04 AM,32.5184,-116.8758,? 320°,139,160,"1,775",-682 , FlightAware ADS-B (KCRQ),
Fri 06:48:23 AM,32.5271,-116.8866,? 301°,137,158,"1,575",-773 , Surface and Near-Surface,
Fri 06:48:37 AM,32.5305,-116.897,? 286°,141,162,"1,350",-800 , FlightAware ADS-B (KEMT),
Fri 06:48:53 AM,32.5327,-116.9084,? 281°,142,163,"1,175",-656 , FlightAware ADS-B (KEMT),
Fri 06:49:09 AM,32.5345,-116.9206,? 280°,139,160,"1,000",-727 , FlightAware ADS-B (KSAN),
Fri 06:49:26 AM,32.5361,-116.9331,? 279°,134,154,775,-773 , FlightAware ADS-B (KEMT),
Fri 06:49:42 AM,32.5377,-116.9446,? 279°,133,153,575,-656 , FlightAware ADS-B (KNKX),
Fri 06:49:58 AM,32.5392,-116.9558,? 279°,133,153,425,-563 , FlightAware ADS-B (KRNM),
,,,,,,,,,
